province,type,is_canal,adjacent,coastal_adjacent
Amarantine Coast,land,no,Amarantine Sea 1; Amarantine Sea 2; Amarantine Sea 3; Harelport Bay; Ixaocan; Ixaocan Sea,Amarantine Sea 1; Amarantine Sea 2; Amarantine Sea 3; Harelport Bay; Ixaocan; Ixaocan Sea
Amarantine Sea 1,sea,no,Amarantine Coast; Amarantine Sea 2; Amarantine Sea 3; Bilgewater Bay; Bilgewater Pass; Eastern Guardian's Sea; Harelport Bay; Icathian Sea; Ixaocan Sea; Northern Eternal Sea; Sea of Shadows; Shadow Isles; Southern Eternal Sea; The Jaws; The Serpentine Delta,Amarantine Coast; Amarantine Sea 2; Amarantine Sea 3; Bilgewater Bay; Bilgewater Pass; Eastern Guardian's Sea; Harelport Bay; Icathian Sea; Ixaocan Sea; Northern Eternal Sea; Sea of Shadows; Shadow Isles; Southern Eternal Sea; The Jaws; The Serpentine Delta
Amarantine Sea 2,sea,no,Amarantine Coast; Amarantine Sea 1; Amarantine Sea 3; Bilgewater Bay; Bilgewater Pass; Eastern Guardian's Sea; Harelport Bay; Icathian Sea; Ixaocan Sea; Northern Eternal Sea; Sea of Shadows; Shadow Isles; Southern Eternal Sea; The Jaws; The Serpentine Delta,Amarantine Coast; Amarantine Sea 1; Amarantine Sea 3; Bilgewater Bay; Bilgewater Pass; Eastern Guardian's Sea; Harelport Bay; Icathian Sea; Ixaocan Sea; Northern Eternal Sea; Sea of Shadows; Shadow Isles; Southern Eternal Sea; The Jaws; The Serpentine Delta
Amarantine Sea 3,sea,no,Amarantine Coast; Amarantine Sea 1; Amarantine Sea 2; Bilgewater Bay; Bilgewater Pass; Eastern Guardian's Sea; Harelport Bay; Icathian Sea; Ixaocan Sea; Northern Eternal Sea; Sea of Shadows; Shadow Isles; Southern Eternal Sea; The Jaws; The Serpentine Delta,Amarantine Coast; Amarantine Sea 1; Amarantine Sea 2; Bilgewater Bay; Bilgewater Pass; Eastern Guardian's Sea; Harelport Bay; Icathian Sea; Ixaocan Sea; Northern Eternal Sea; Sea of Shadows; Shadow Isles; Southern Eternal Sea; The Jaws; The Serpentine Delta
Antathir Plain,land,no,Bay of Icathia; Bay of Shurima; Sai Khaleek; South Shurima,Bay of Icathia; Bay of Shurima; Sai Khaleek; South Shurima
Argent Mountains,land,no,Evenmoor; Kilgrove; Nockmirch; Plains of Valoran 1; Plains of Valoran 2; Plains of Valoran 3; The Silent Forest; Trevale; Varju Mountains,
Aurma,land,no,Conqueror's Sea 1; Conqueror's Sea 2; Conqueror's Sea 3; Conqueror's Sea 4; Conqueror's Sea 5; Kalamanda Bay; Western Central Sea,Conqueror's Sea 1; Conqueror's Sea 2; Conqueror's Sea 3; Conqueror's Sea 4; Conqueror's Sea 5; Kalamanda Bay; Western Central Sea
Badlands,land,no,Blood Gulf; Bloodcliffs; Immortal Bastion; Plains of Valoran 1; Plains of Valoran 2; Plains of Valoran 3; Varju Mountains; Western Great Barrier,Blood Gulf; Bloodcliffs; Immortal Bastion
Bard Mountain,land,no,Bard Wash; Dragonspine; Kinkou; Placidium of Navori; Puboe; Shon-Xan,
Bard Wash,land,no,Bard Mountain; Kinkou; Navori Bay; Navori Plains; Northern Passage; Puboe; Raikkon Sea,Navori Bay; Navori Plains; Northern Passage; Puboe; Raikkon Sea
Bargate Plains,land,no,Greenfang Mountains; Nockmirch; The Graygate; The Silent Forest; Trinity Mountains; Uwendale,
Basilich,land,no,Eastern Great Barrier; Steward Mountain; Strait of Ionia 1; Strait of Ionia 2; Strait of Ionia 3; Vindor; Western Guardian's Sea,Steward Mountain; Strait of Ionia 1; Strait of Ionia 2; Strait of Ionia 3; Vindor; Western Guardian's Sea
Bay of Icathia,sea,no,Antathir Plain; Bay of Shurima; North Icathia; Sai Khaleek; South Icathia,Antathir Plain; Bay of Shurima; North Icathia; Sai Khaleek; South Icathia
Bay of Shurima,sea,no,Antathir Plain; Bay of Icathia; Icathian Sea; Marai Territory; South Icathia; South Shurima,Antathir Plain; Bay of Icathia; Icathian Sea; Marai Territory; South Icathia; South Shurima
Bay of Zhyunia,sea,no,Eastern Guardian's Sea; Kashuri Inlet; Strait of Ionia 1; Strait of Ionia 2; Strait of Ionia 3; Tevasa Inlet; Vlonqo; Wuju; Zhyun,Eastern Guardian's Sea; Kashuri Inlet; Strait of Ionia 1; Strait of Ionia 2; Strait of Ionia 3; Tevasa Inlet; Vlonqo; Wuju; Zhyun
Bear Pass,land,no,Freljord Plains; Rakelstake; Sisters' Peak; Stormpeaks,
Bel'zhun,land,no,Eastern Central Sea; Kalduga; Kalduga Inlet; Nashramae; The Great Sai 1; The Great Sai 2; The Great Sai 3,Eastern Central Sea; Kalduga Inlet; Nashramae
Bilgewater Bay,land,yes,Amarantine Sea 1; Amarantine Sea 2; Amarantine Sea 3; Bilgewater Pass; Central Guardian's Sea; Eastern Guardian's Sea,Amarantine Sea 1; Amarantine Sea 2; Amarantine Sea 3; Bilgewater Pass; Central Guardian's Sea; Eastern Guardian's Sea
Bilgewater Pass,sea,no,Amarantine Sea 1; Amarantine Sea 2; Amarantine Sea 3; Bilgewater Bay; Central Guardian's Sea; Eastern Guardian's Sea; Mudtown; Strait of Valoran; The Jaws; The Serpentine Delta,Amarantine Sea 1; Amarantine Sea 2; Amarantine Sea 3; Bilgewater Bay; Central Guardian's Sea; Eastern Guardian's Sea; Mudtown; Strait of Valoran; The Jaws; The Serpentine Delta
Blood Gulf,sea,no,Badlands; Bloodcliffs; Immortal Bastion; Iron Bay; Sea of Noxus 1; Sea of Noxus 2; Sea of Noxus 3; Sea of Noxus 4; Sea of Noxus 5; Steward Mountain; The Drakkengate,Badlands; Bloodcliffs; Immortal Bastion; Iron Bay; Sea of Noxus 1; Sea of Noxus 2; Sea of Noxus 3; Sea of Noxus 4; Sea of Noxus 5; Steward Mountain; The Drakkengate
Blood Mountains,land,no,Dalamor Plain; Darkwill Peak; Plains of Valoran 1; Plains of Valoran 2; Plains of Valoran 3; Tokogol,
Bloodcliffs,land,no,Badlands; Blood Gulf; Steward Mountain; Western Great Barrier,Badlands; Blood Gulf
Bluespine Mountains,land,no,Fossbarrow; Frostheld; Ghulfrost Mountain; High Silvermere; Meltridge Basin; Uwendale; Yadulsk Basin,
Calais,land,yes,Sea of Lords; South Tracker's Sea; Valar's Bay,Sea of Lords; South Tracker's Sea; Valar's Bay
Central Glacier,land,no,Central Wastes; Frozen Pass; Raikkon Sea; Retreat; Sea of Noxus 1; Sea of Noxus 2; Sea of Noxus 3; Sea of Noxus 4; Sea of Noxus 5; Western Glacier,Frozen Pass; Raikkon Sea; Retreat; Sea of Noxus 1; Sea of Noxus 2; Sea of Noxus 3; Sea of Noxus 4; Sea of Noxus 5; Western Glacier
Central Guardian's Sea,sea,no,Bilgewater Bay; Bilgewater Pass; Eastern Guardian's Sea; Fallgren; Ironwater; Strait of Ionia 1; Strait of Ionia 2; Strait of Ionia 3; Strait of Valoran; Vindor; Western Guardian's Sea,Bilgewater Bay; Bilgewater Pass; Eastern Guardian's Sea; Fallgren; Ironwater; Strait of Ionia 1; Strait of Ionia 2; Strait of Ionia 3; Strait of Valoran; Vindor; Western Guardian's Sea
Central Wastes,land,no,Central Glacier; Retreat; Sanctuary; The Expanse; Western Glacier,
Conqueror's Sea 1,sea,no,Aurma; Conqueror's Sea 2; Conqueror's Sea 3; Conqueror's Sea 4; Conqueror's Sea 5; Evenmoor; Glorft Coast; Kalamanda Bay; Marai Territory; Mount Targon; Needlebrook Bay; Sea of Lords; South Tracker's Sea; Southern Unbounded Ocean; Strait of Nerima; Velorus Islands; Western Central Sea; Western Unbounded Ocean; Zuretta Archipelago,Aurma; Conqueror's Sea 2; Conqueror's Sea 3; Conqueror's Sea 4; Conqueror's Sea 5; Evenmoor; Glorft Coast; Kalamanda Bay; Marai Territory; Mount Targon; Needlebrook Bay; Sea of Lords; South Tracker's Sea; Southern Unbounded Ocean; Strait of Nerima; Velorus Islands; Western Central Sea; Western Unbounded Ocean; Zuretta Archipelago
Conqueror's Sea 2,sea,no,Aurma; Conqueror's Sea 1; Conqueror's Sea 3; Conqueror's Sea 4; Conqueror's Sea 5; Evenmoor; Glorft Coast; Kalamanda Bay; Marai Territory; Mount Targon; Needlebrook Bay; Sea of Lords; South Tracker's Sea; Southern Unbounded Ocean; Strait of Nerima; Velorus Islands; Western Central Sea; Western Unbounded Ocean; Zuretta Archipelago,Aurma; Conqueror's Sea 1; Conqueror's Sea 3; Conqueror's Sea 4; Conqueror's Sea 5; Evenmoor; Glorft Coast; Kalamanda Bay; Marai Territory; Mount Targon; Needlebrook Bay; Sea of Lords; South Tracker's Sea; Southern Unbounded Ocean; Strait of Nerima; Velorus Islands; Western Central Sea; Western Unbounded Ocean; Zuretta Archipelago
Conqueror's Sea 3,sea,no,Aurma; Conqueror's Sea 1; Conqueror's Sea 2; Conqueror's Sea 4; Conqueror's Sea 5; Evenmoor; Glorft Coast; Kalamanda Bay; Marai Territory; Mount Targon; Needlebrook Bay; Sea of Lords; South Tracker's Sea; Southern Unbounded Ocean; Strait of Nerima; Velorus Islands; Western Central Sea; Western Unbounded Ocean; Zuretta Archipelago,Aurma; Conqueror's Sea 1; Conqueror's Sea 2; Conqueror's Sea 4; Conqueror's Sea 5; Evenmoor; Glorft Coast; Kalamanda Bay; Marai Territory; Mount Targon; Needlebrook Bay; Sea of Lords; South Tracker's Sea; Southern Unbounded Ocean; Strait of Nerima; Velorus Islands; Western Central Sea; Western Unbounded Ocean; Zuretta Archipelago
Conqueror's Sea 4,sea,no,Aurma; Conqueror's Sea 1; Conqueror's Sea 2; Conqueror's Sea 3; Conqueror's Sea 5; Evenmoor; Glorft Coast; Kalamanda Bay; Marai Territory; Mount Targon; Needlebrook Bay; Sea of Lords; South Tracker's Sea; Southern Unbounded Ocean; Strait of Nerima; Velorus Islands; Western Central Sea; Western Unbounded Ocean; Zuretta Archipelago,Aurma; Conqueror's Sea 1; Conqueror's Sea 2; Conqueror's Sea 3; Conqueror's Sea 5; Evenmoor; Glorft Coast; Kalamanda Bay; Marai Territory; Mount Targon; Needlebrook Bay; Sea of Lords; South Tracker's Sea; Southern Unbounded Ocean; Strait of Nerima; Velorus Islands; Western Central Sea; Western Unbounded Ocean; Zuretta Archipelago
Conqueror's Sea 5,sea,no,Aurma; Conqueror's Sea 1; Conqueror's Sea 2; Conqueror's Sea 3; Conqueror's Sea 4; Evenmoor; Glorft Coast; Kalamanda Bay; Marai Territory; Mount Targon; Needlebrook Bay; Sea of Lords; South Tracker's Sea; Southern Unbounded Ocean; Strait of Nerima; Velorus Islands; Western Central Sea; Western Unbounded Ocean; Zuretta Archipelago,Aurma; Conqueror's Sea 1; Conqueror's Sea 2; Conqueror's Sea 3; Conqueror's Sea 4; Evenmoor; Glorft Coast; Kalamanda Bay; Marai Territory; Mount Targon; Needlebrook Bay; Sea of Lords; South Tracker's Sea; Southern Unbounded Ocean; Strait of Nerima; Velorus Islands; Western Central Sea; Western Unbounded Ocean; Zuretta Archipelago
Dalamor Coast,land,no,Dalamor Plain; Fang Watershed; Gulf of Freljord; Ruug; The Delverhold,Fang Watershed; Gulf of Freljord; Ruug
Dalamor Plain,land,no,Blood Mountains; Dalamor Coast; Darkwill Peak; Iron Pinnacle; Ironspike Mountains; Khworez; Ruug; The Delverhold; Tokogol,
Darkwill Peak,land,no,Blood Mountains; Dalamor Plain; Immortal Bastion; Khworez; Plains of Valoran 1; Plains of Valoran 2; Plains of Valoran 3,
Dawnhold,land,yes,Gulf of Demacia; High Silvermere; Sea of Lords; Valar's Bay; Vaskasia; Wrenwall Cliffs,Gulf of Demacia; High Silvermere; Sea of Lords; Valar's Bay; Vaskasia; Wrenwall Cliffs
Demacia City,land,no,Evenmoor; Gulf of Demacia; High Silvermere; Jandelle; Meltridge Basin; The Silent Forest; Vaskasia,Gulf of Demacia; High Silvermere
Dragonspine,land,no,Bard Mountain; Kashuri Inlet; Placidium of Navori; Shon-Xan; Tevasa Inlet; Vlonqo,Kashuri Inlet; Placidium of Navori; Shon-Xan; Tevasa Inlet; Vlonqo
East Fang,land,no,Fang Watershed; Frozen Pass; Gulf of Freljord; Ice Spine Mountains; Sea of Noxus 1; Sea of Noxus 2; Sea of Noxus 3; Sea of Noxus 4; Sea of Noxus 5; West Fang,Frozen Pass; Gulf of Freljord; Sea of Noxus 1; Sea of Noxus 2; Sea of Noxus 3; Sea of Noxus 4; Sea of Noxus 5; West Fang
Eastern Central Sea,sea,no,Bel'zhun; Iron Pass; Kalduga Inlet; Kumangra; Nashramae; Pilt Bay; Rokrund Bay; Stonewall; Tereshni; Urzeris; Western Twin Cities Bay,Bel'zhun; Iron Pass; Kalduga Inlet; Kumangra; Nashramae; Pilt Bay; Rokrund Bay; Stonewall; Tereshni; Urzeris; Western Twin Cities Bay
Eastern Glacier,land,no,Eastern Wastes; Northern Eternal Sea; Retreat,Northern Eternal Sea; Retreat
Eastern Great Barrier,land,no,Basilich; Krexor; Krexor Bay; Mount Pilt; Steward Mountain; Vindor; Western Great Barrier,Krexor; Krexor Bay; Mount Pilt
Eastern Guardian's Sea,sea,no,Amarantine Sea 1; Amarantine Sea 2; Amarantine Sea 3; Bay of Zhyunia; Bilgewater Bay; Bilgewater Pass; Central Guardian's Sea; Fallgren; Sea of Shadows; Strait of Ionia 1; Strait of Ionia 2; Strait of Ionia 3; Temple of Pallas; Tuula Strait; Zhyun,Amarantine Sea 1; Amarantine Sea 2; Amarantine Sea 3; Bay of Zhyunia; Bilgewater Bay; Bilgewater Pass; Central Guardian's Sea; Fallgren; Sea of Shadows; Strait of Ionia 1; Strait of Ionia 2; Strait of Ionia 3; Temple of Pallas; Tuula Strait; Zhyun
Eastern Ice Sea,sea,no,Frozen Pass; Ornnkaal Glacier; Quchar; Sanctuary; Ursine Lands; Vathcaer Coast; Western Ice Sea; Western Wastes,Frozen Pass; Ornnkaal Glacier; Quchar; Sanctuary; Ursine Lands; Vathcaer Coast; Western Ice Sea; Western Wastes
Eastern Twin Cities Bay,sea,no,Kumangra; Mount Pilt; Piltover; Strait of Valoran; Zaun,Kumangra; Mount Pilt; Piltover; Strait of Valoran; Zaun
Eastern Wastes,land,no,Eastern Glacier; Retreat; The Expanse,
Evenmoor,land,no,Argent Mountains; Conqueror's Sea 1; Conqueror's Sea 2; Conqueror's Sea 3; Conqueror's Sea 4; Conqueror's Sea 5; Demacia City; Glorft Coast; Needlebrook Bay; Sea of Lords; The Silent Forest; Trevale; Vaskasia; Wrenwall Cliffs,Conqueror's Sea 1; Conqueror's Sea 2; Conqueror's Sea 3; Conqueror's Sea 4; Conqueror's Sea 5; Glorft Coast; Needlebrook Bay; Sea of Lords; Trevale; Wrenwall Cliffs
Fae'lor,land,yes,Navori Bay; Sea of Noxus 1; Sea of Noxus 2; Sea of Noxus 3; Sea of Noxus 4; Sea of Noxus 5; Strait of Ionia 1; Strait of Ionia 2; Strait of Ionia 3; Tevasa Inlet,Navori Bay; Sea of Noxus 1; Sea of Noxus 2; Sea of Noxus 3; Sea of Noxus 4; Sea of Noxus 5; Strait of Ionia 1; Strait of Ionia 2; Strait of Ionia 3; Tevasa Inlet
Fallgren,land,yes,Central Guardian's Sea; Eastern Guardian's Sea; Strait of Ionia 1; Strait of Ionia 2; Strait of Ionia 3,Central Guardian's Sea; Eastern Guardian's Sea; Strait of Ionia 1; Strait of Ionia 2; Strait of Ionia 3
Fang Watershed,land,no,Dalamor Coast; East Fang; Gulf of Freljord; Ice Spine Mountains; Ironspike Mountains; The Delverhold,Dalamor Coast; Gulf of Freljord
Fossbarrow,land,no,Bluespine Mountains; Frostheld; High Silvermere; Valar's Bay,Frostheld; High Silvermere; Valar's Bay
Freljord Plains,land,no,Bear Pass; Ironspike Mountains; Naljaäg; Sisters' Peak; Stormpeaks; The Vale; Tokogol; Trinity Mountains,
Frostguard Citadel,land,no,Frozen Pass; Ice Spine Mountains; Naljaäg; Vathcaer Coast; West Fang,Frozen Pass; West Fang
Frostheld,land,no,Bluespine Mountains; Fossbarrow; Ghulfrost Mountain; Valar's Bay,Fossbarrow; Valar's Bay
Frozen Pass,sea,no,Central Glacier; East Fang; Eastern Ice Sea; Frostguard Citadel; Sanctuary; Sea of Noxus 1; Sea of Noxus 2; Sea of Noxus 3; Sea of Noxus 4; Sea of Noxus 5; Vathcaer Coast; West Fang; Western Glacier,Central Glacier; East Fang; Eastern Ice Sea; Frostguard Citadel; Sanctuary; Sea of Noxus 1; Sea of Noxus 2; Sea of Noxus 3; Sea of Noxus 4; Sea of Noxus 5; Vathcaer Coast; West Fang; Western Glacier
Gate of Shurima,land,no,Kalduga; Killash; North Icathia; Sai Khaleek; Serpentine River; The Great Sai 1; The Great Sai 2; The Great Sai 3,
Ghulfrost Mountain,land,no,Bluespine Mountains; Frostheld; Rakelstake; Stormpeaks; Valar's Bay; Vorrijaard Mountain; Yadulsk Basin,Valar's Bay; Vorrijaard Mountain
Glorft Coast,sea,no,Conqueror's Sea 1; Conqueror's Sea 2; Conqueror's Sea 3; Conqueror's Sea 4; Conqueror's Sea 5; Evenmoor; Iron Pass; Kilgrove; Needlebrook Bay; Trevale; Western Central Sea,Conqueror's Sea 1; Conqueror's Sea 2; Conqueror's Sea 3; Conqueror's Sea 4; Conqueror's Sea 5; Evenmoor; Iron Pass; Kilgrove; Needlebrook Bay; Trevale; Western Central Sea
Greenfang Mountains,land,no,Bargate Plains; Jandelle; The Graygate; The Silent Forest,
Gulf of Demacia,sea,no,Dawnhold; Demacia City; High Silvermere; Sea of Lords; Valar's Bay; Vaskasia; Wrenwall Cliffs,Dawnhold; Demacia City; High Silvermere; Sea of Lords; Valar's Bay; Vaskasia; Wrenwall Cliffs
Gulf of Freljord,sea,no,Dalamor Coast; East Fang; Fang Watershed; Ruug; Sea of Noxus 1; Sea of Noxus 2; Sea of Noxus 3; Sea of Noxus 4; Sea of Noxus 5,Dalamor Coast; East Fang; Fang Watershed; Ruug; Sea of Noxus 1; Sea of Noxus 2; Sea of Noxus 3; Sea of Noxus 4; Sea of Noxus 5
Harelport,land,no,Harelport Bay; Ixaocan; Ixtal Valley; Paretha; The Jaws,Harelport Bay; Ixaocan; Ixtal Valley; Paretha; The Jaws
Harelport Bay,sea,no,Amarantine Coast; Amarantine Sea 1; Amarantine Sea 2; Amarantine Sea 3; Harelport; Ixaocan; The Jaws; The Serpentine Delta,Amarantine Coast; Amarantine Sea 1; Amarantine Sea 2; Amarantine Sea 3; Harelport; Ixaocan; The Jaws; The Serpentine Delta
High Silvermere,land,no,Bluespine Mountains; Dawnhold; Demacia City; Fossbarrow; Gulf of Demacia; Meltridge Basin; Valar's Bay,Dawnhold; Demacia City; Fossbarrow; Gulf of Demacia; Valar's Bay
Hirana,land,no,Northern Passage; Vastaya Bay,Northern Passage; Vastaya Bay
Holdrum,land,no,Krexor Bay; Mount Pilt; Strait of Valoran,Krexor Bay; Mount Pilt; Strait of Valoran
Icathian Sea,sea,no,Amarantine Sea 1; Amarantine Sea 2; Amarantine Sea 3; Bay of Shurima; Ixaocan Sea; Marai Territory; Plague Bay; South Icathia; Southern Eternal Sea; Southern Unbounded Ocean,Amarantine Sea 1; Amarantine Sea 2; Amarantine Sea 3; Bay of Shurima; Ixaocan Sea; Marai Territory; Plague Bay; South Icathia; Southern Eternal Sea; Southern Unbounded Ocean
Ice Spine Mountains,land,no,East Fang; Fang Watershed; Frostguard Citadel; Ironspike Mountains; Naljaäg; West Fang,
Immortal Bastion,land,no,Badlands; Blood Gulf; Darkwill Peak; Iron Bay; Khworez; Plains of Valoran 1; Plains of Valoran 2; Plains of Valoran 3,Badlands; Blood Gulf; Iron Bay; Khworez
Ionia City,land,no,Kinkou; Navori Plains; Placidium of Navori; Tevasa Inlet; Weh'le,Navori Plains; Tevasa Inlet; Weh'le
Iron Bay,sea,no,Blood Gulf; Immortal Bastion; Iron Pinnacle; Khworez; Ruug; Sea of Noxus 1; Sea of Noxus 2; Sea of Noxus 3; Sea of Noxus 4; Sea of Noxus 5,Blood Gulf; Immortal Bastion; Iron Pinnacle; Khworez; Ruug; Sea of Noxus 1; Sea of Noxus 2; Sea of Noxus 3; Sea of Noxus 4; Sea of Noxus 5
Iron Pass,sea,no,Eastern Central Sea; Glorft Coast; Kilgrove; Qualthala Mountains; Stonewall; Urzeris; Western Central Sea,Eastern Central Sea; Glorft Coast; Kilgrove; Qualthala Mountains; Stonewall; Urzeris; Western Central Sea
Iron Pinnacle,land,no,Dalamor Plain; Iron Bay; Khworez; Ruug,Iron Bay; Khworez; Ruug
Ironspike Mountains,land,no,Dalamor Plain; Fang Watershed; Freljord Plains; Ice Spine Mountains; Naljaäg; The Delverhold; Tokogol,
Ironwater,land,no,Central Guardian's Sea; Krexor; Krexor Bay; Strait of Valoran; Vindor,Central Guardian's Sea; Krexor; Krexor Bay; Strait of Valoran; Vindor
Ixaocan,land,no,Amarantine Coast; Harelport; Harelport Bay; Ixaocan Sea; Ixtal Valley; Plague Bay; The Jaws; The Plague Arbor,Amarantine Coast; Harelport; Harelport Bay; Ixaocan Sea; Plague Bay; The Jaws; The Plague Arbor
Ixaocan Sea,sea,no,Amarantine Coast; Amarantine Sea 1; Amarantine Sea 2; Amarantine Sea 3; Icathian Sea; Ixaocan; Plague Bay,Amarantine Coast; Amarantine Sea 1; Amarantine Sea 2; Amarantine Sea 3; Icathian Sea; Ixaocan; Plague Bay
Ixtal Valley,land,no,Harelport; Ixaocan; Killash; Paretha; Serpentine River; The Jaws; The Plague Arbor,Harelport
Jandelle,land,no,Demacia City; Greenfang Mountains; Meltridge Basin; The Graygate; The Silent Forest,
Kalamanda Bay,sea,no,Aurma; Conqueror's Sea 1; Conqueror's Sea 2; Conqueror's Sea 3; Conqueror's Sea 4; Conqueror's Sea 5; Kalamanda Mountains; Mount Targon; Western Central Sea,Aurma; Conqueror's Sea 1; Conqueror's Sea 2; Conqueror's Sea 3; Conqueror's Sea 4; Conqueror's Sea 5; Kalamanda Mountains; Mount Targon; Western Central Sea
Kalamanda Mountains,land,no,Kalamanda Bay; Mount Targon; Sai Faraj; The Great Sai 1; The Great Sai 2; The Great Sai 3; Urzeris; Western Central Sea,Kalamanda Bay; Mount Targon; Urzeris; Western Central Sea
Kalduga,land,no,Bel'zhun; Gate of Shurima; Kalduga Inlet; Kumungu; Serpentine River; The Great Sai 1; The Great Sai 2; The Great Sai 3,Kalduga Inlet; Kumungu
Kalduga Inlet,sea,no,Bel'zhun; Eastern Central Sea; Kalduga; Kumangra; Kumungu,Bel'zhun; Eastern Central Sea; Kalduga; Kumangra; Kumungu
Kashuri Inlet,sea,no,Bay of Zhyunia; Dragonspine; Oulin; Qaelin; Shon-Xan; Vastaya Bay; Vlonqo; Zhyun,Bay of Zhyunia; Dragonspine; Oulin; Qaelin; Shon-Xan; Vastaya Bay; Vlonqo; Zhyun
Khworez,land,no,Dalamor Plain; Darkwill Peak; Immortal Bastion; Iron Bay; Iron Pinnacle,Immortal Bastion; Iron Bay; Iron Pinnacle
Kilgrove,land,no,Argent Mountains; Glorft Coast; Iron Pass; Qualthala Mountains; Trevale; Varju Mountains,Glorft Coast; Iron Pass; Qualthala Mountains; Trevale
Killash,land,no,Gate of Shurima; Ixtal Valley; North Icathia; Serpentine River; The Plague Arbor,
Kinkou,land,no,Bard Mountain; Bard Wash; Ionia City; Navori Plains; Placidium of Navori,
Krexor,land,no,Eastern Great Barrier; Ironwater; Krexor Bay; Vindor,Eastern Great Barrier; Ironwater; Krexor Bay
Krexor Bay,sea,no,Eastern Great Barrier; Holdrum; Ironwater; Krexor; Mount Pilt; Strait of Valoran,Eastern Great Barrier; Holdrum; Ironwater; Krexor; Mount Pilt; Strait of Valoran
Kumangra,land,no,Eastern Central Sea; Eastern Twin Cities Bay; Kalduga Inlet; Kumungu; Strait of Valoran; Western Twin Cities Bay; Zaun,Eastern Central Sea; Eastern Twin Cities Bay; Kalduga Inlet; Kumungu; Strait of Valoran; Western Twin Cities Bay; Zaun
Kumungu,land,no,Kalduga; Kalduga Inlet; Kumangra; Mudtown; Serpentine River; Strait of Valoran; The Jaws,Kalduga; Kalduga Inlet; Kumangra; Mudtown; Strait of Valoran
Marai Territory,land,no,Bay of Shurima; Conqueror's Sea 1; Conqueror's Sea 2; Conqueror's Sea 3; Conqueror's Sea 4; Conqueror's Sea 5; Icathian Sea; Mount Targon; Sai Faraj; South Shurima; Southern Unbounded Ocean; The City of Gardens,Bay of Shurima; Conqueror's Sea 1; Conqueror's Sea 2; Conqueror's Sea 3; Conqueror's Sea 4; Conqueror's Sea 5; Icathian Sea; South Shurima; Southern Unbounded Ocean
Meltridge Basin,land,no,Bluespine Mountains; Demacia City; High Silvermere; Jandelle; The Graygate; Uwendale,
Mount Pilt,land,no,Eastern Great Barrier; Eastern Twin Cities Bay; Holdrum; Krexor Bay; Pilt Bay; Piltover; Strait of Valoran; Western Great Barrier; Western Twin Cities Bay; Zaun,Eastern Great Barrier; Eastern Twin Cities Bay; Holdrum; Krexor Bay; Pilt Bay; Piltover; Strait of Valoran; Western Twin Cities Bay; Zaun
Mount Targon,land,no,Conqueror's Sea 1; Conqueror's Sea 2; Conqueror's Sea 3; Conqueror's Sea 4; Conqueror's Sea 5; Kalamanda Bay; Kalamanda Mountains; Marai Territory; Sai Faraj,Conqueror's Sea 1; Conqueror's Sea 2; Conqueror's Sea 3; Conqueror's Sea 4; Conqueror's Sea 5; Kalamanda Bay; Kalamanda Mountains
Mudtown,land,no,Bilgewater Pass; Kumungu; Strait of Valoran; The Jaws,Bilgewater Pass; Kumungu; Strait of Valoran; The Jaws
Naljaäg,land,no,Freljord Plains; Frostguard Citadel; Ice Spine Mountains; Ironspike Mountains; Stormpeaks; Vathcaer Coast,
Nashramae,land,no,Bel'zhun; Eastern Central Sea; The Great Sai 1; The Great Sai 2; The Great Sai 3; Urzeris,Bel'zhun; Eastern Central Sea; Urzeris
Navori Bay,sea,no,Bard Wash; Fae'lor; Navori Plains; Raikkon Sea; Sea of Noxus 1; Sea of Noxus 2; Sea of Noxus 3; Sea of Noxus 4; Sea of Noxus 5,Bard Wash; Fae'lor; Navori Plains; Raikkon Sea; Sea of Noxus 1; Sea of Noxus 2; Sea of Noxus 3; Sea of Noxus 4; Sea of Noxus 5
Navori Plains,land,no,Bard Wash; Ionia City; Kinkou; Navori Bay; Tevasa Inlet,Bard Wash; Ionia City; Navori Bay; Tevasa Inlet
Needlebrook Bay,sea,no,Conqueror's Sea 1; Conqueror's Sea 2; Conqueror's Sea 3; Conqueror's Sea 4; Conqueror's Sea 5; Evenmoor; Glorft Coast,Conqueror's Sea 1; Conqueror's Sea 2; Conqueror's Sea 3; Conqueror's Sea 4; Conqueror's Sea 5; Evenmoor; Glorft Coast
Niverøya Island,land,no,North Tracker's Sea; Northern Unbounded Ocean; Western Ice Sea,North Tracker's Sea; Northern Unbounded Ocean; Western Ice Sea
Nockmirch,land,no,Argent Mountains; Bargate Plains; Plains of Valoran 1; Plains of Valoran 2; Plains of Valoran 3; The Silent Forest; Trinity Mountains,
North Icathia,land,no,Bay of Icathia; Gate of Shurima; Killash; Plague Bay; Sai Khaleek; South Icathia; The Plague Arbor,Bay of Icathia; Plague Bay; South Icathia; The Plague Arbor
North Tracker's Sea,sea,no,Niverøya Island; Northern Unbounded Ocean; Rygann's Reach; South Tracker's Sea; Valar's Bay; Western Ice Sea,Niverøya Island; Northern Unbounded Ocean; Rygann's Reach; South Tracker's Sea; Valar's Bay; Western Ice Sea
Northern Eternal Sea,sea,no,Amarantine Sea 1; Amarantine Sea 2; Amarantine Sea 3; Eastern Glacier; Northern Passage; Retreat; Sea of Shadows; Shadow Isles; Southern Eternal Sea; Vastaya Bay,Amarantine Sea 1; Amarantine Sea 2; Amarantine Sea 3; Eastern Glacier; Northern Passage; Retreat; Sea of Shadows; Shadow Isles; Southern Eternal Sea; Vastaya Bay
Northern Passage,sea,no,Bard Wash; Hirana; Northern Eternal Sea; Puboe; Raikkon Sea; Retreat; Vastaya Bay,Bard Wash; Hirana; Northern Eternal Sea; Puboe; Raikkon Sea; Retreat; Vastaya Bay
Northern Unbounded Ocean,sea,no,Niverøya Island; North Tracker's Sea; South Tracker's Sea; Western Ice Sea; Western Unbounded Ocean; Western Wastes,Niverøya Island; North Tracker's Sea; South Tracker's Sea; Western Ice Sea; Western Unbounded Ocean; Western Wastes
Ornnkaal Glacier,land,no,Eastern Ice Sea; Western Ice Sea; Western Wastes,Eastern Ice Sea; Western Ice Sea; Western Wastes
Oulin,land,no,Kashuri Inlet; Vastaya Bay,Kashuri Inlet; Vastaya Bay
Paretha,land,no,Harelport; Ixtal Valley; Serpentine River; The Jaws,Harelport
Pilt Bay,sea,no,Eastern Central Sea; Mount Pilt; Piltover; Rokrund Bay; Rokrund Plains; Western Great Barrier; Western Twin Cities Bay,Eastern Central Sea; Mount Pilt; Piltover; Rokrund Bay; Rokrund Plains; Western Great Barrier; Western Twin Cities Bay
Piltover,land,yes,Eastern Twin Cities Bay; Mount Pilt; Pilt Bay; Western Twin Cities Bay; Zaun,Eastern Twin Cities Bay; Mount Pilt; Pilt Bay; Western Twin Cities Bay; Zaun
Placidium of Navori,land,no,Bard Mountain; Dragonspine; Ionia City; Kinkou; Tevasa Inlet; Weh'le,Dragonspine; Tevasa Inlet; Weh'le
Plague Bay,sea,no,Icathian Sea; Ixaocan; Ixaocan Sea; North Icathia; South Icathia; The Plague Arbor,Icathian Sea; Ixaocan; Ixaocan Sea; North Icathia; South Icathia; The Plague Arbor
Plains of Valoran 1,land,no,Argent Mountains; Badlands; Blood Mountains; Darkwill Peak; Immortal Bastion; Nockmirch; Plains of Valoran 2; Plains of Valoran 3; Tokogol; Trinity Mountains; Varju Mountains,
Plains of Valoran 2,land,no,Argent Mountains; Badlands; Blood Mountains; Darkwill Peak; Immortal Bastion; Nockmirch; Plains of Valoran 1; Plains of Valoran 3; Tokogol; Trinity Mountains; Varju Mountains,
Plains of Valoran 3,land,no,Argent Mountains; Badlands; Blood Mountains; Darkwill Peak; Immortal Bastion; Nockmirch; Plains of Valoran 1; Plains of Valoran 2; Tokogol; Trinity Mountains; Varju Mountains,
Puboe,land,no,Bard Mountain; Bard Wash; Northern Passage; Shon-Xan; Vastaya Bay,Bard Wash; Northern Passage; Vastaya Bay
Qaelin,land,no,Kashuri Inlet; Vastaya Bay,Kashuri Inlet; Vastaya Bay
Qualthala Mountains,land,no,Iron Pass; Kilgrove; Rokrund Bay; Rokrund Plains; Stonewall; Varju Mountains,Iron Pass; Kilgrove; Rokrund Bay; Rokrund Plains; Stonewall
Quchar,land,no,Eastern Ice Sea; Quchar Bay; Stormpeaks; Vathcaer Coast; Vorrijaard Mountain; Western Ice Sea,Eastern Ice Sea; Quchar Bay; Vathcaer Coast; Vorrijaard Mountain; Western Ice Sea
Quchar Bay,sea,no,Quchar; Vorrijaard Mountain; Western Ice Sea,Quchar; Vorrijaard Mountain; Western Ice Sea
Raikkon Sea,sea,no,Bard Wash; Central Glacier; Navori Bay; Northern Passage; Retreat; Sea of Noxus 1; Sea of Noxus 2; Sea of Noxus 3; Sea of Noxus 4; Sea of Noxus 5,Bard Wash; Central Glacier; Navori Bay; Northern Passage; Retreat; Sea of Noxus 1; Sea of Noxus 2; Sea of Noxus 3; Sea of Noxus 4; Sea of Noxus 5
Rakelstake,land,no,Bear Pass; Ghulfrost Mountain; Sisters' Peak; Stormpeaks; Yadulsk Basin,
Retreat,land,no,Central Glacier; Central Wastes; Eastern Glacier; Eastern Wastes; Northern Eternal Sea; Northern Passage; Raikkon Sea; The Expanse,Central Glacier; Eastern Glacier; Northern Eternal Sea; Northern Passage; Raikkon Sea
Rokrund Bay,sea,no,Eastern Central Sea; Pilt Bay; Qualthala Mountains; Rokrund Plains; Stonewall,Eastern Central Sea; Pilt Bay; Qualthala Mountains; Rokrund Plains; Stonewall
Rokrund Plains,land,no,Pilt Bay; Qualthala Mountains; Rokrund Bay; Varju Mountains; Western Great Barrier,Pilt Bay; Qualthala Mountains; Rokrund Bay; Western Great Barrier
Ruug,land,no,Dalamor Coast; Dalamor Plain; Gulf of Freljord; Iron Bay; Iron Pinnacle; Sea of Noxus 1; Sea of Noxus 2; Sea of Noxus 3; Sea of Noxus 4; Sea of Noxus 5,Dalamor Coast; Gulf of Freljord; Iron Bay; Iron Pinnacle; Sea of Noxus 1; Sea of Noxus 2; Sea of Noxus 3; Sea of Noxus 4; Sea of Noxus 5
Rygann's Reach,land,no,North Tracker's Sea; Valar's Bay; Vorrijaard Mountain; Western Ice Sea,North Tracker's Sea; Valar's Bay; Vorrijaard Mountain; Western Ice Sea
Sai Faraj,land,no,Kalamanda Mountains; Marai Territory; Mount Targon; The City of Gardens; The Great Sai 1; The Great Sai 2; The Great Sai 3,
Sai Khaleek,land,no,Antathir Plain; Bay of Icathia; Gate of Shurima; North Icathia; South Shurima; The Great Sai 1; The Great Sai 2; The Great Sai 3; The Sun Disc,Antathir Plain; Bay of Icathia
Sanctuary,land,no,Central Wastes; Eastern Ice Sea; Frozen Pass; The Expanse; The Reach; Western Glacier; Western Wastes,Eastern Ice Sea; Frozen Pass; Western Wastes
Sea of Lords,sea,no,Calais; Conqueror's Sea 1; Conqueror's Sea 2; Conqueror's Sea 3; Conqueror's Sea 4; Conqueror's Sea 5; Dawnhold; Evenmoor; Gulf of Demacia; South Tracker's Sea; Valar's Bay; Wrenwall Cliffs,Calais; Conqueror's Sea 1; Conqueror's Sea 2; Conqueror's Sea 3; Conqueror's Sea 4; Conqueror's Sea 5; Dawnhold; Evenmoor; Gulf of Demacia; South Tracker's Sea; Valar's Bay; Wrenwall Cliffs
Sea of Noxus 1,sea,no,Blood Gulf; Central Glacier; East Fang; Fae'lor; Frozen Pass; Gulf of Freljord; Iron Bay; Navori Bay; Raikkon Sea; Ruug; Sea of Noxus 2; Sea of Noxus 3; Sea of Noxus 4; Sea of Noxus 5; Strait of Ionia 1; Strait of Ionia 2; Strait of Ionia 3; The Drakkengate,Blood Gulf; Central Glacier; East Fang; Fae'lor; Frozen Pass; Gulf of Freljord; Iron Bay; Navori Bay; Raikkon Sea; Ruug; Sea of Noxus 2; Sea of Noxus 3; Sea of Noxus 4; Sea of Noxus 5; Strait of Ionia 1; Strait of Ionia 2; Strait of Ionia 3; The Drakkengate
Sea of Noxus 2,sea,no,Blood Gulf; Central Glacier; East Fang; Fae'lor; Frozen Pass; Gulf of Freljord; Iron Bay; Navori Bay; Raikkon Sea; Ruug; Sea of Noxus 1; Sea of Noxus 3; Sea of Noxus 4; Sea of Noxus 5; Strait of Ionia 1; Strait of Ionia 2; Strait of Ionia 3; The Drakkengate,Blood Gulf; Central Glacier; East Fang; Fae'lor; Frozen Pass; Gulf of Freljord; Iron Bay; Navori Bay; Raikkon Sea; Ruug; Sea of Noxus 1; Sea of Noxus 3; Sea of Noxus 4; Sea of Noxus 5; Strait of Ionia 1; Strait of Ionia 2; Strait of Ionia 3; The Drakkengate
Sea of Noxus 3,sea,no,Blood Gulf; Central Glacier; East Fang; Fae'lor; Frozen Pass; Gulf of Freljord; Iron Bay; Navori Bay; Raikkon Sea; Ruug; Sea of Noxus 1; Sea of Noxus 2; Sea of Noxus 4; Sea of Noxus 5; Strait of Ionia 1; Strait of Ionia 2; Strait of Ionia 3; The Drakkengate,Blood Gulf; Central Glacier; East Fang; Fae'lor; Frozen Pass; Gulf of Freljord; Iron Bay; Navori Bay; Raikkon Sea; Ruug; Sea of Noxus 1; Sea of Noxus 2; Sea of Noxus 4; Sea of Noxus 5; Strait of Ionia 1; Strait of Ionia 2; Strait of Ionia 3; The Drakkengate
Sea of Noxus 4,sea,no,Blood Gulf; Central Glacier; East Fang; Fae'lor; Frozen Pass; Gulf of Freljord; Iron Bay; Navori Bay; Raikkon Sea; Ruug; Sea of Noxus 1; Sea of Noxus 2; Sea of Noxus 3; Sea of Noxus 5; Strait of Ionia 1; Strait of Ionia 2; Strait of Ionia 3; The Drakkengate,Blood Gulf; Central Glacier; East Fang; Fae'lor; Frozen Pass; Gulf of Freljord; Iron Bay; Navori Bay; Raikkon Sea; Ruug; Sea of Noxus 1; Sea of Noxus 2; Sea of Noxus 3; Sea of Noxus 5; Strait of Ionia 1; Strait of Ionia 2; Strait of Ionia 3; The Drakkengate
Sea of Noxus 5,sea,no,Blood Gulf; Central Glacier; East Fang; Fae'lor; Frozen Pass; Gulf of Freljord; Iron Bay; Navori Bay; Raikkon Sea; Ruug; Sea of Noxus 1; Sea of Noxus 2; Sea of Noxus 3; Sea of Noxus 4; Strait of Ionia 1; Strait of Ionia 2; Strait of Ionia 3; The Drakkengate,Blood Gulf; Central Glacier; East Fang; Fae'lor; Frozen Pass; Gulf of Freljord; Iron Bay; Navori Bay; Raikkon Sea; Ruug; Sea of Noxus 1; Sea of Noxus 2; Sea of Noxus 3; Sea of Noxus 4; Strait of Ionia 1; Strait of Ionia 2; Strait of Ionia 3; The Drakkengate
Sea of Shadows,sea,no,Amarantine Sea 1; Amarantine Sea 2; Amarantine Sea 3; Eastern Guardian's Sea; Northern Eternal Sea; Temple of Pallas; Vastaya Bay,Amarantine Sea 1; Amarantine Sea 2; Amarantine Sea 3; Eastern Guardian's Sea; Northern Eternal Sea; Temple of Pallas; Vastaya Bay
Serpentine River,land,no,Gate of Shurima; Ixtal Valley; Kalduga; Killash; Kumungu; Paretha; The Jaws,
Shadow Isles,land,yes,Amarantine Sea 1; Amarantine Sea 2; Amarantine Sea 3; Northern Eternal Sea; Southern Eternal Sea,Amarantine Sea 1; Amarantine Sea 2; Amarantine Sea 3; Northern Eternal Sea; Southern Eternal Sea
Shon-Xan,land,no,Bard Mountain; Dragonspine; Kashuri Inlet; Puboe; Vastaya Bay,Dragonspine; Kashuri Inlet; Vastaya Bay
Sisters' Peak,land,no,Bear Pass; Freljord Plains; Rakelstake; The Vale; Yadulsk Basin,
South Icathia,land,no,Bay of Icathia; Bay of Shurima; Icathian Sea; North Icathia; Plague Bay,Bay of Icathia; Bay of Shurima; Icathian Sea; North Icathia; Plague Bay
South Shurima,land,no,Antathir Plain; Bay of Shurima; Marai Territory; Sai Khaleek; The City of Gardens; The Sun Disc,Antathir Plain; Bay of Shurima; Marai Territory
South Tracker's Sea,sea,no,Calais; Conqueror's Sea 1; Conqueror's Sea 2; Conqueror's Sea 3; Conqueror's Sea 4; Conqueror's Sea 5; North Tracker's Sea; Northern Unbounded Ocean; Sea of Lords; Strait of Nerima; Valar's Bay; Velorus Islands; Western Unbounded Ocean; Zuretta Archipelago,Calais; Conqueror's Sea 1; Conqueror's Sea 2; Conqueror's Sea 3; Conqueror's Sea 4; Conqueror's Sea 5; North Tracker's Sea; Northern Unbounded Ocean; Sea of Lords; Strait of Nerima; Valar's Bay; Velorus Islands; Western Unbounded Ocean; Zuretta Archipelago
Southern Eternal Sea,sea,no,Amarantine Sea 1; Amarantine Sea 2; Amarantine Sea 3; Icathian Sea; Northern Eternal Sea; Shadow Isles; Southern Unbounded Ocean,Amarantine Sea 1; Amarantine Sea 2; Amarantine Sea 3; Icathian Sea; Northern Eternal Sea; Shadow Isles; Southern Unbounded Ocean
Southern Unbounded Ocean,sea,no,Conqueror's Sea 1; Conqueror's Sea 2; Conqueror's Sea 3; Conqueror's Sea 4; Conqueror's Sea 5; Icathian Sea; Marai Territory; Southern Eternal Sea; Western Unbounded Ocean,Conqueror's Sea 1; Conqueror's Sea 2; Conqueror's Sea 3; Conqueror's Sea 4; Conqueror's Sea 5; Icathian Sea; Marai Territory; Southern Eternal Sea; Western Unbounded Ocean
Steward Mountain,land,no,Basilich; Blood Gulf; Bloodcliffs; Eastern Great Barrier; Strait of Ionia 1; Strait of Ionia 2; Strait of Ionia 3; The Drakkengate; Western Great Barrier,Basilich; Blood Gulf; Strait of Ionia 1; Strait of Ionia 2; Strait of Ionia 3; The Drakkengate
Stonewall,land,no,Eastern Central Sea; Iron Pass; Qualthala Mountains; Rokrund Bay,Eastern Central Sea; Iron Pass; Qualthala Mountains; Rokrund Bay
Stormpeaks,land,no,Bear Pass; Freljord Plains; Ghulfrost Mountain; Naljaäg; Quchar; Rakelstake; Vathcaer Coast; Vorrijaard Mountain,
Strait of Ionia 1,sea,no,Basilich; Bay of Zhyunia; Central Guardian's Sea; Eastern Guardian's Sea; Fae'lor; Fallgren; Sea of Noxus 1; Sea of Noxus 2; Sea of Noxus 3; Sea of Noxus 4; Sea of Noxus 5; Steward Mountain; Strait of Ionia 2; Strait of Ionia 3; Tevasa Inlet; The Drakkengate; Western Guardian's Sea; Wuju,Basilich; Bay of Zhyunia; Central Guardian's Sea; Eastern Guardian's Sea; Fae'lor; Fallgren; Sea of Noxus 1; Sea of Noxus 2; Sea of Noxus 3; Sea of Noxus 4; Sea of Noxus 5; Steward Mountain; Strait of Ionia 2; Strait of Ionia 3; Tevasa Inlet; The Drakkengate; Western Guardian's Sea; Wuju
Strait of Ionia 2,sea,no,Basilich; Bay of Zhyunia; Central Guardian's Sea; Eastern Guardian's Sea; Fae'lor; Fallgren; Sea of Noxus 1; Sea of Noxus 2; Sea of Noxus 3; Sea of Noxus 4; Sea of Noxus 5; Steward Mountain; Strait of Ionia 1; Strait of Ionia 3; Tevasa Inlet; The Drakkengate; Western Guardian's Sea; Wuju,Basilich; Bay of Zhyunia; Central Guardian's Sea; Eastern Guardian's Sea; Fae'lor; Fallgren; Sea of Noxus 1; Sea of Noxus 2; Sea of Noxus 3; Sea of Noxus 4; Sea of Noxus 5; Steward Mountain; Strait of Ionia 1; Strait of Ionia 3; Tevasa Inlet; The Drakkengate; Western Guardian's Sea; Wuju
Strait of Ionia 3,sea,no,Basilich; Bay of Zhyunia; Central Guardian's Sea; Eastern Guardian's Sea; Fae'lor; Fallgren; Sea of Noxus 1; Sea of Noxus 2; Sea of Noxus 3; Sea of Noxus 4; Sea of Noxus 5; Steward Mountain; Strait of Ionia 1; Strait of Ionia 2; Tevasa Inlet; The Drakkengate; Western Guardian's Sea; Wuju,Basilich; Bay of Zhyunia; Central Guardian's Sea; Eastern Guardian's Sea; Fae'lor; Fallgren; Sea of Noxus 1; Sea of Noxus 2; Sea of Noxus 3; Sea of Noxus 4; Sea of Noxus 5; Steward Mountain; Strait of Ionia 1; Strait of Ionia 2; Tevasa Inlet; The Drakkengate; Western Guardian's Sea; Wuju
Strait of Nerima,sea,no,Conqueror's Sea 1; Conqueror's Sea 2; Conqueror's Sea 3; Conqueror's Sea 4; Conqueror's Sea 5; South Tracker's Sea; Velorus Islands; Zuretta Archipelago,Conqueror's Sea 1; Conqueror's Sea 2; Conqueror's Sea 3; Conqueror's Sea 4; Conqueror's Sea 5; South Tracker's Sea; Velorus Islands; Zuretta Archipelago
Strait of Valoran,sea,no,Bilgewater Pass; Central Guardian's Sea; Eastern Twin Cities Bay; Holdrum; Ironwater; Krexor Bay; Kumangra; Kumungu; Mount Pilt; Mudtown,Bilgewater Pass; Central Guardian's Sea; Eastern Twin Cities Bay; Holdrum; Ironwater; Krexor Bay; Kumangra; Kumungu; Mount Pilt; Mudtown
Temple of Pallas,land,no,Eastern Guardian's Sea; Sea of Shadows; Tuula Strait; Vastaya Bay,Eastern Guardian's Sea; Sea of Shadows; Tuula Strait; Vastaya Bay
Tereshni,land,yes,Eastern Central Sea,Eastern Central Sea
Tevasa Inlet,sea,no,Bay of Zhyunia; Dragonspine; Fae'lor; Ionia City; Navori Plains; Placidium of Navori; Strait of Ionia 1; Strait of Ionia 2; Strait of Ionia 3; Vlonqo; Weh'le; Wuju,Bay of Zhyunia; Dragonspine; Fae'lor; Ionia City; Navori Plains; Placidium of Navori; Strait of Ionia 1; Strait of Ionia 2; Strait of Ionia 3; Vlonqo; Weh'le; Wuju
The City of Gardens,land,no,Marai Territory; Sai Faraj; South Shurima; The Great Sai 1; The Great Sai 2; The Great Sai 3; The Sun Disc,
The Delverhold,land,no,Dalamor Coast; Dalamor Plain; Fang Watershed; Ironspike Mountains,
The Drakkengate,land,no,Blood Gulf; Sea of Noxus 1; Sea of Noxus 2; Sea of Noxus 3; Sea of Noxus 4; Sea of Noxus 5; Steward Mountain; Strait of Ionia 1; Strait of Ionia 2; Strait of Ionia 3,Blood Gulf; Sea of Noxus 1; Sea of Noxus 2; Sea of Noxus 3; Sea of Noxus 4; Sea of Noxus 5; Steward Mountain; Strait of Ionia 1; Strait of Ionia 2; Strait of Ionia 3
The Expanse,land,no,Central Wastes; Eastern Wastes; Retreat; Sanctuary; The Reach,
The Graygate,land,no,Bargate Plains; Greenfang Mountains; Jandelle; Meltridge Basin; Uwendale,
The Great Sai 1,land,no,Bel'zhun; Gate of Shurima; Kalamanda Mountains; Kalduga; Nashramae; Sai Faraj; Sai Khaleek; The City of Gardens; The Great Sai 2; The Great Sai 3; The Sun Disc; Urzeris,
The Great Sai 2,land,no,Bel'zhun; Gate of Shurima; Kalamanda Mountains; Kalduga; Nashramae; Sai Faraj; Sai Khaleek; The City of Gardens; The Great Sai 1; The Great Sai 3; The Sun Disc; Urzeris,
The Great Sai 3,land,no,Bel'zhun; Gate of Shurima; Kalamanda Mountains; Kalduga; Nashramae; Sai Faraj; Sai Khaleek; The City of Gardens; The Great Sai 1; The Great Sai 2; The Sun Disc; Urzeris,
The Jaws,land,no,Amarantine Sea 1; Amarantine Sea 2; Amarantine Sea 3; Bilgewater Pass; Harelport; Harelport Bay; Ixaocan; Ixtal Valley; Kumungu; Mudtown; Paretha; Serpentine River; The Serpentine Delta,Amarantine Sea 1; Amarantine Sea 2; Amarantine Sea 3; Bilgewater Pass; Harelport; Harelport Bay; Ixaocan; Mudtown; The Serpentine Delta
The Plague Arbor,land,no,Ixaocan; Ixtal Valley; Killash; North Icathia; Plague Bay,Ixaocan; North Icathia; Plague Bay
The Reach,land,no,Sanctuary; The Expanse; Western Wastes,
The Serpentine Delta,land,yes,Amarantine Sea 1; Amarantine Sea 2; Amarantine Sea 3; Bilgewater Pass; Harelport Bay; The Jaws,Amarantine Sea 1; Amarantine Sea 2; Amarantine Sea 3; Bilgewater Pass; Harelport Bay; The Jaws
The Silent Forest,land,no,Argent Mountains; Bargate Plains; Demacia City; Evenmoor; Greenfang Mountains; Jandelle; Nockmirch,
The Sun Disc,land,no,Sai Khaleek; South Shurima; The City of Gardens; The Great Sai 1; The Great Sai 2; The Great Sai 3,
The Vale,land,no,Freljord Plains; Sisters' Peak; Trinity Mountains; Uwendale; Yadulsk Basin,
Tokogol,land,no,Blood Mountains; Dalamor Plain; Freljord Plains; Ironspike Mountains; Plains of Valoran 1; Plains of Valoran 2; Plains of Valoran 3; Trinity Mountains,
Trevale,land,no,Argent Mountains; Evenmoor; Glorft Coast; Kilgrove,Evenmoor; Glorft Coast; Kilgrove
Trinity Mountains,land,no,Bargate Plains; Freljord Plains; Nockmirch; Plains of Valoran 1; Plains of Valoran 2; Plains of Valoran 3; The Vale; Tokogol; Uwendale,
Tuula Strait,sea,no,Eastern Guardian's Sea; Temple of Pallas; Vastaya Bay; Zhyun,Eastern Guardian's Sea; Temple of Pallas; Vastaya Bay; Zhyun
Ursine Lands,land,yes,Eastern Ice Sea,Eastern Ice Sea
Urzeris,land,no,Eastern Central Sea; Iron Pass; Kalamanda Mountains; Nashramae; The Great Sai 1; The Great Sai 2; The Great Sai 3; Western Central Sea,Eastern Central Sea; Iron Pass; Kalamanda Mountains; Nashramae; Western Central Sea
Uwendale,land,no,Bargate Plains; Bluespine Mountains; Meltridge Basin; The Graygate; The Vale; Trinity Mountains; Yadulsk Basin,
Valar's Bay,sea,no,Calais; Dawnhold; Fossbarrow; Frostheld; Ghulfrost Mountain; Gulf of Demacia; High Silvermere; North Tracker's Sea; Rygann's Reach; Sea of Lords; South Tracker's Sea; Vorrijaard Mountain,Calais; Dawnhold; Fossbarrow; Frostheld; Ghulfrost Mountain; Gulf of Demacia; High Silvermere; North Tracker's Sea; Rygann's Reach; Sea of Lords; South Tracker's Sea; Vorrijaard Mountain
Varju Mountains,land,no,Argent Mountains; Badlands; Kilgrove; Plains of Valoran 1; Plains of Valoran 2; Plains of Valoran 3; Qualthala Mountains; Rokrund Plains; Western Great Barrier,
Vaskasia,land,no,Dawnhold; Demacia City; Evenmoor; Gulf of Demacia; Wrenwall Cliffs,Dawnhold; Gulf of Demacia
Vastaya Bay,sea,no,Hirana; Kashuri Inlet; Northern Eternal Sea; Northern Passage; Oulin; Puboe; Qaelin; Sea of Shadows; Shon-Xan; Temple of Pallas; Tuula Strait; Zhyun,Hirana; Kashuri Inlet; Northern Eternal Sea; Northern Passage; Oulin; Puboe; Qaelin; Sea of Shadows; Shon-Xan; Temple of Pallas; Tuula Strait; Zhyun
Vathcaer Coast,land,no,Eastern Ice Sea; Frostguard Citadel; Frozen Pass; Naljaäg; Quchar; Stormpeaks,Eastern Ice Sea; Frozen Pass; Quchar
Velorus Islands,land,yes,Conqueror's Sea 1; Conqueror's Sea 2; Conqueror's Sea 3; Conqueror's Sea 4; Conqueror's Sea 5; South Tracker's Sea; Strait of Nerima,Conqueror's Sea 1; Conqueror's Sea 2; Conqueror's Sea 3; Conqueror's Sea 4; Conqueror's Sea 5; South Tracker's Sea; Strait of Nerima
Vindor,land,no,Basilich; Central Guardian's Sea; Eastern Great Barrier; Ironwater; Krexor; Western Guardian's Sea,Basilich; Central Guardian's Sea; Ironwater; Western Guardian's Sea
Vlonqo,land,no,Bay of Zhyunia; Dragonspine; Kashuri Inlet; Tevasa Inlet,Bay of Zhyunia; Dragonspine; Kashuri Inlet; Tevasa Inlet
Vorrijaard Mountain,land,no,Ghulfrost Mountain; Quchar; Quchar Bay; Rygann's Reach; Stormpeaks; Valar's Bay; Western Ice Sea,Ghulfrost Mountain; Quchar; Quchar Bay; Rygann's Reach; Valar's Bay; Western Ice Sea
Weh'le,land,no,Ionia City; Placidium of Navori; Tevasa Inlet,Ionia City; Placidium of Navori; Tevasa Inlet
West Fang,land,no,East Fang; Frostguard Citadel; Frozen Pass; Ice Spine Mountains,East Fang; Frostguard Citadel; Frozen Pass
Western Central Sea,sea,no,Aurma; Conqueror's Sea 1; Conqueror's Sea 2; Conqueror's Sea 3; Conqueror's Sea 4; Conqueror's Sea 5; Glorft Coast; Iron Pass; Kalamanda Bay; Kalamanda Mountains; Urzeris,Aurma; Conqueror's Sea 1; Conqueror's Sea 2; Conqueror's Sea 3; Conqueror's Sea 4; Conqueror's Sea 5; Glorft Coast; Iron Pass; Kalamanda Bay; Kalamanda Mountains; Urzeris
Western Glacier,land,no,Central Glacier; Central Wastes; Frozen Pass; Sanctuary,Central Glacier; Frozen Pass
Western Great Barrier,land,no,Badlands; Bloodcliffs; Eastern Great Barrier; Mount Pilt; Pilt Bay; Rokrund Plains; Steward Mountain; Varju Mountains,Pilt Bay; Rokrund Plains
Western Guardian's Sea,sea,no,Basilich; Central Guardian's Sea; Strait of Ionia 1; Strait of Ionia 2; Strait of Ionia 3; Vindor,Basilich; Central Guardian's Sea; Strait of Ionia 1; Strait of Ionia 2; Strait of Ionia 3; Vindor
Western Ice Sea,sea,no,Eastern Ice Sea; Niverøya Island; North Tracker's Sea; Northern Unbounded Ocean; Ornnkaal Glacier; Quchar; Quchar Bay; Rygann's Reach; Vorrijaard Mountain; Western Wastes,Eastern Ice Sea; Niverøya Island; North Tracker's Sea; Northern Unbounded Ocean; Ornnkaal Glacier; Quchar; Quchar Bay; Rygann's Reach; Vorrijaard Mountain; Western Wastes
Western Twin Cities Bay,sea,no,Eastern Central Sea; Kumangra; Mount Pilt; Pilt Bay; Piltover; Zaun,Eastern Central Sea; Kumangra; Mount Pilt; Pilt Bay; Piltover; Zaun
Western Unbounded Ocean,sea,no,Conqueror's Sea 1; Conqueror's Sea 2; Conqueror's Sea 3; Conqueror's Sea 4; Conqueror's Sea 5; Northern Unbounded Ocean; South Tracker's Sea; Southern Unbounded Ocean,Conqueror's Sea 1; Conqueror's Sea 2; Conqueror's Sea 3; Conqueror's Sea 4; Conqueror's Sea 5; Northern Unbounded Ocean; South Tracker's Sea; Southern Unbounded Ocean
Western Wastes,land,no,Eastern Ice Sea; Northern Unbounded Ocean; Ornnkaal Glacier; Sanctuary; The Reach; Western Ice Sea,Eastern Ice Sea; Northern Unbounded Ocean; Ornnkaal Glacier; Sanctuary; Western Ice Sea
Wrenwall Cliffs,land,no,Dawnhold; Evenmoor; Gulf of Demacia; Sea of Lords; Vaskasia,Dawnhold; Evenmoor; Gulf of Demacia; Sea of Lords
Wuju,land,no,Bay of Zhyunia; Strait of Ionia 1; Strait of Ionia 2; Strait of Ionia 3; Tevasa Inlet,Bay of Zhyunia; Strait of Ionia 1; Strait of Ionia 2; Strait of Ionia 3; Tevasa Inlet
Yadulsk Basin,land,no,Bluespine Mountains; Ghulfrost Mountain; Rakelstake; Sisters' Peak; The Vale; Uwendale,
Zaun,land,no,Eastern Twin Cities Bay; Kumangra; Mount Pilt; Piltover; Western Twin Cities Bay,Eastern Twin Cities Bay; Kumangra; Mount Pilt; Piltover; Western Twin Cities Bay
Zhyun,land,no,Bay of Zhyunia; Eastern Guardian's Sea; Kashuri Inlet; Tuula Strait; Vastaya Bay,Bay of Zhyunia; Eastern Guardian's Sea; Kashuri Inlet; Tuula Strait; Vastaya Bay
Zuretta Archipelago,land,yes,Conqueror's Sea 1; Conqueror's Sea 2; Conqueror's Sea 3; Conqueror's Sea 4; Conqueror's Sea 5; South Tracker's Sea; Strait of Nerima,Conqueror's Sea 1; Conqueror's Sea 2; Conqueror's Sea 3; Conqueror's Sea 4; Conqueror's Sea 5; South Tracker's Sea; Strait of Nerima
